SA3_code,SA3_name,y2005,y2006,y2007,y2008,y2009,y2010,y2011,y2012,y2013
10101,Goulburn - Yass,17.69,19.44,19.49,16.34,14.99,19.53,18.92,19.22,21.97
10102,Queanbeyan,19.69,22.25,18.84,20,16.59,18.83,19.51,19.58,21.99
10103,Snowy Mountains,24.14,17.86,26.88,20,14.06,17.19,16.79,16.9,20.23
10104,South Coast,20.07,17.45,19.38,18.1,20.1,17.99,16.67,22.37,22.76
10201,Gosford,18.6,17.58,21.5,18.68,20.87,19.66,21.26,19.86,23.75
10202,Wyong,20.39,19.13,20.86,20.85,22.69,22.1,21.03,20.81,21.77
10301,Bathurst,17.82,15.5,18.1,17.47,19.72,14.73,18.53,23.08,20.33
10302,Lachlan Valley,15.5,17.79,17.02,11.49,15.68,22.28,16.58,19.18,21.37
10303,Lithgow - Mudgee,18.27,17.81,21.79,20.18,26.64,18.92,17.92,20.41,23.27
10304,Orange,17.54,17.65,20.16,16.71,17.94,22.02,20.43,20.12,19.8
10401,Clarence Valley,23.85,24.35,21.95,25.3,25.74,18.51,25.38,17.27,24.05
10402,Coffs Harbour,21.44,19.33,24.69,19.83,23.24,23,23.1,24.34,22.5
10501,Bourke - Cobar - Coonamble,19.17,21.57,27.13,19.61,24.44,21.19,24.43,21.37,22.58
10502,Broken Hill and Far West,19.74,25,17.74,16.42,18.29,21.7,29.67,23.16,32.98
10503,Dubbo,18.79,18.31,18.38,16.67,20.04,19.54,25.36,21.08,23.26
10601,Lower Hunter,16.92,20.2,20.17,14.6,21.27,19.44,19.69,20.44,21.79
10602,Maitland,19.96,18.98,21.36,18.61,18.66,20.24,21.68,20,19.37
10603,Port Stephens,19.15,15.32,20.71,14.99,22.58,18.89,19.92,21.76,23.76
10604,Upper Hunter,20.47,15.75,22.08,14.48,17.53,16.77,19.62,20.9,26.09
10701,Dapto - Port Kembla,11.2,13.02,19.25,12.47,9.66,14.75,13.36,15.44,17.56
10703,Kiama - Shellharbour,12.2,12.79,14.87,12.61,13.69,15.9,17.14,17.8,18.15
10704,Wollongong,16.53,14.87,15.18,13.34,16.19,16.45,14.74,15.46,16.03
10801,Great Lakes,13.08,18.92,17.09,17.24,11.76,14.09,20,15.85,27.59
10802,Kempsey - Nambucca,20,22.3,16.72,22.97,25.17,21.36,25.32,24.29,21.32
10803,Lord Howe Island,-,-,-,-,-,-,-,37.5,-
10804,Port Macquarie,17.14,21.27,15.57,17.32,18.66,20.38,22.47,19.07,24.8
10805,Taree - Gloucester,19.63,21.19,19.61,19.83,18.77,20.75,17.89,21.17,22.89
10901,Albury,19.16,19.85,17.74,18.45,22.94,17.55,22.16,21.02,22.84
10902,Lower Murray,10.94,18.52,17.91,17.46,16.46,19.72,23.94,14.46,20.48
10903,Upper Murray exc. Albury,17.48,16.49,13.64,11.72,19.62,17.12,18.93,20.71,18.62
11001,Armidale,17.81,19.27,22.84,17.44,20.83,21.3,24.73,22.6,23.59
11002,Inverell - Tenterfield,15.12,12.9,23.32,18.48,16.57,17.22,18.18,22.32,26.54
11003,Moree - Narrabri,26.42,15.44,24.62,24.17,15.54,21.74,16.78,20.51,15.19
11004,Tamworth - Gunnedah,19.35,17.78,15.01,18.72,21.18,18.36,19.77,19.96,20.86
11101,Lake Macquarie - East,15.99,17.67,17.39,16.42,18.89,20.33,19.02,19.45,19.01
11102,Lake Macquarie - West,14.24,18.52,19.94,17.89,22.87,20.54,16.47,21.05,24.58
11103,Newcastle,18.35,18.05,17.67,16.06,18.03,18.65,18.24,19.45,20.57
11201,Richmond Valley - Coastal,22.71,23.93,24.52,23.46,23.45,24.41,21.18,21.87,27.53
11202,Richmond Valley - Hinterland,24.09,24.84,22.01,21.34,25.13,22.79,27.24,29.57,27.34
11203,Tweed Valley,22.98,26.58,23.21,20.79,22.55,21.02,19.75,22.65,23.42
11301,Griffith - Murrumbidgee (West),14.94,20.74,18.8,15.64,17.69,16.67,18.46,20.32,16.72
11302,Tumut - Tumbarumba,15.71,17.46,14.06,14.49,24.24,22.35,15.38,16,25.71
11303,Wagga Wagga,17.75,19.77,22.51,16.01,20.42,18.9,18,22.55,19.75
11401,Shoalhaven,20.18,18.57,18,19.14,14.95,16.11,19.49,19.03,21.17
11402,Southern Highlands,16.94,20.23,20.13,18.32,15.52,16.46,19.14,20.05,22.95
11501,Baulkham Hills,14.63,15.06,15.52,14.07,14.34,15.33,15.7,16.57,16.83
11502,Dural - Wisemans Ferry,15.87,13.07,14.29,16.5,16.74,17.73,16.52,19.76,19.38
11503,Hawkesbury,17.74,21.25,19.39,13.58,15.6,27.88,14.29,16.81,25.81
11601,Blacktown,16.52,13.56,14.96,16.18,15.1,17.26,16.6,15.25,17.41
11602,Blacktown - North,17.72,13.67,14.75,16.52,17.16,18.04,18.07,16.71,18.41
11603,Mount Druitt,15.59,13.22,17.72,14.02,15.37,18.86,15.7,17.01,20.43
11701,Botany,15.27,17.91,15.14,12.78,16,16.21,18.84,14.81,19.23
11702,Marrickville - Sydenham - Petersham,15.26,19.57,18.96,17.07,17.82,17.29,17.45,17.84,19.96
11703,Sydney Inner City,20.75,17.5,17.18,19.97,19.76,19.53,20.98,18.92,24.56
11801,Eastern Suburbs - North,16.65,15.83,16.2,15.99,16.96,17.99,18.17,19.31,17.76
11802,Eastern Suburbs - South,14.97,13.02,14.43,15.54,14.44,15.35,15.6,15.87,17.46
11901,Bankstown,16.27,14.25,14.55,11.7,13.84,16.35,15.46,16.4,18.68
11902,Canterbury,16.3,11.53,13.8,15.06,16.39,17.16,16.33,15.91,18.33
11903,Hurstville,14.78,13.89,12.3,13.14,13.12,14.53,16.28,14.42,17.78
11904,Kogarah - Rockdale,16.21,18.51,16.63,16.54,15.96,16.12,16.22,16.71,18.83
12001,Canada Bay,16.89,18.55,17.77,13.29,16.05,13.01,17.81,18.56,16.26
12002,Leichhardt,21.51,18.68,17.68,13.82,21.97,21.4,19.74,19.89,21.56
12003,Strathfield - Burwood - Ashfield,14.99,14.39,15.91,14.08,14.8,15.9,14.91,14.68,16.99
12101,Chatswood - Lane Cove,14.98,12.41,14,14.36,14.57,14.27,14.18,16.61,16.48
12102,Hornsby,15.82,13.81,13.35,13.97,15.3,14.38,15.71,17.77,18.28
12103,Ku-ring-gai,12.72,13.47,13.89,13.52,12.73,13.74,13.73,12.88,16.48
12104,North Sydney - Mosman,16.43,17.28,14.86,14.46,14.44,18.11,17.82,15.2,17.97
12201,Manly,21.75,17.01,15.56,18.49,15.92,14.95,17.03,18.55,21.99
12202,Pittwater,19.5,17.45,17.84,16.64,19.33,18.48,20.74,17.73,20.48
12203,Warringah,16.76,13.69,16.56,15.68,17.97,18.31,18.47,17.55,18.5
12301,Camden,14.37,15.11,18.67,16.67,18.33,17.98,19.2,22.11,20.93
12302,Campbelltown (NSW),16.18,15.32,17.02,15.57,17.57,17.48,17.06,20.13,20.26
12303,Wollondilly,17.27,22.6,15.34,19.87,18.9,13.66,21.69,17.53,22.02
12401,Blue Mountains,16.62,19.1,20.43,21.77,20.5,19.3,18.42,20.59,20.98
12403,Penrith,17.68,18.58,17.54,17.91,18.32,16.04,20.7,19.92,20.93
12404,Richmond - Windsor,17.26,17.57,17.89,17.04,20.9,21.13,20.66,19.28,21.81
12405,St Marys,15.36,11.9,16.03,18.48,15.65,17.87,19,16.7,21.11
12501,Auburn,15.59,12.85,12.39,17.23,14.82,15.75,15.95,16.45,21.24
12502,Carlingford,14.66,11.47,14.68,15.28,13.65,14.18,13.61,16.87,15.96
12503,Merrylands - Guildford,17.3,12.77,15.58,13.64,15.07,14.29,15.83,18.2,18.75
12504,Parramatta,14.18,14.76,15.73,13.63,14.96,14.72,15.83,17.16,16.55
12601,Pennant Hills - Epping,8.79,8.64,12.46,13.43,10.87,12.94,13.84,15.07,14.14
12602,Ryde - Hunters Hill,15.7,15.35,15.47,13.4,14.25,13.37,15.2,16.04,17.41
12701,Bringelly - Green Valley,14.46,16.49,14.85,15.48,14.76,15.9,14.09,19.38,20.57
12702,Fairfield,15.12,13.13,12.05,12.96,13.23,15.62,16.82,15.94,17.11
12703,Liverpool,17.66,15.71,17.9,13.67,15.76,16.6,15.49,17.58,17.98
12801,Cronulla - Miranda - Caringbah,16.01,15.84,15.3,14.84,16.63,16.67,17.85,16.11,17.24
12802,Sutherland - Menai - Heathcote,12.83,12.13,15.75,14.77,14.55,15.75,14.74,15.82,17.67
20101,Ballarat,20.42,21.13,20.87,21.7,19.98,17.95,19.78,21.61,22.6
20102,Creswick - Daylesford - Ballan,18.66,18.03,17.69,22.95,20.16,18.35,22.94,21.48,21.82
20103,Maryborough - Pyrenees,12.24,22.35,18.18,18.84,8.42,14.46,10,17.02,13.79
20201,Bendigo,18.25,16.5,16.69,18.53,18.6,16.16,19.79,16.49,20.02
20202,Heathcote - Castlemaine - Kyneton,18.14,16,20.16,20.8,17.7,17.31,14.98,14.29,18.09
20203,Loddon - Elmore,7.69,6.56,21.43,15.22,6.9,17.24,10,17.54,15
20301,Barwon - West,15.97,12.99,18.49,21.38,16.78,13.22,22.16,16.84,20.37
20302,Geelong,18.6,16.38,17.32,15.24,16.2,17.35,15.47,17.68,18.31
20303,Surf Coast - Bellarine Peninsula,18.41,16.4,14.84,15.46,14.41,16.91,16.84,14.89,19.97
20401,Upper Goulburn Valley,15.38,14.41,20.56,15.68,16.54,18.49,24.66,18.94,19.03
20402,Wangaratta - Benalla,16.92,15.88,14.39,12.32,17.02,17.2,16.56,16.82,17.51
20403,Wodonga - Alpine,24.15,18.54,20.19,19.52,17.03,18.39,18.4,23.25,23.83
20501,Baw Baw,12.2,13.08,14.89,13.73,13.5,19.06,15.99,16.91,20.44
20502,Gippsland - East,12.26,14.21,15.08,17.74,17.62,18.3,22.39,17.12,21.52
20503,Gippsland - South West,15.09,16.17,11.76,12.14,15.38,19.86,18.11,15.85,21.68
20504,Latrobe Valley,18.13,16.75,13.66,16.67,12.91,12.95,18.58,16.22,16.36
20505,Wellington,14.1,12,16.25,15.91,14.35,13.78,20.08,20.26,24.29
20601,Brunswick - Coburg,16.36,18.83,17.07,16.19,18.18,18.08,18,20.07,21.76
20602,Darebin - South,20.5,18.65,18.2,18.69,18.66,20.83,16.45,20.3,17.29
20603,Essendon,16.02,14.8,17.52,16.39,17.98,17.82,16.32,18.66,18.56
20604,Melbourne City,18.26,14.29,14.65,19.24,16.05,17.23,17.63,18.17,19.82
20605,Port Phillip,19.12,18.41,19.74,19.45,17.58,18.14,19.16,20.89,20.98
20606,Stonnington - West,14.21,20.23,14.04,16.72,17.52,16.64,16.75,17.72,19.35
20607,Yarra,19.69,19.04,18.78,17.74,15.65,19.21,18.42,19.71,21.67
20701,Boroondara,13.03,13.39,14.7,13.95,13.69,13.81,14.29,13.1,16.27
20702,Manningham - West,12.95,12.3,13.46,14,13.96,14.34,15.06,11.28,14.23
20703,Whitehorse - West,14.46,13.51,14.6,15.17,13.36,15.59,16.31,15.9,15.64
20801,Bayside,16.92,13.06,14.61,14.97,16.07,16.34,14.53,16.65,16.74
20802,Glen Eira,16.21,16.75,14.62,14.31,16.07,15.98,15.73,15.99,16
20803,Kingston,16.84,19.46,16.05,15.54,13.84,16.35,17.92,19.26,17.71
20804,Stonnington - East,16.16,17.71,13.14,15.09,12.59,14.22,15.88,14.63,15.35
20901,Banyule,15.91,16.48,15.76,15.68,15.79,17.18,15.39,17.31,19.53
20902,Darebin - North,17.47,17.41,18.62,15.54,16.74,17.45,16.53,18.51,18.95
20903,Nillumbik - Kinglake,19.21,15.14,15.95,15.02,14.74,20.03,14.05,17.64,19.15
20904,Whittlesea - Wallan,16.8,16.22,16.76,18.58,16.58,17.77,17.38,16.61,18.21
21001,Keilor,17.73,16.96,13.1,12.45,16.51,17.45,16.52,14.53,18.71
21002,Macedon Ranges,17.42,18.78,16.46,25,16.45,17.97,19.23,18.15,20.07
21003,Moreland - North,15.89,16.83,16.87,15.98,17.97,15.53,16.09,20.03,19.61
21004,Sunbury,19.33,21.79,18.54,21.99,17.44,18.86,18.53,19.3,21.82
21005,Tullamarine - Broadmeadows,17.75,17.59,18.88,17.39,17.26,17.7,17.78,18.94,19
21101,Knox,16.84,14.8,15.52,14.73,15.06,17.69,14.89,17,16.84
21102,Manningham - East,16.67,13.24,14.96,15.32,13.06,14.53,17.07,17.22,18.26
21103,Maroondah,19.45,16.97,15.92,16.36,15.58,18.78,15.65,16.97,19.49
21104,Whitehorse - East,14.08,13.18,13.47,14.58,14.02,14.6,17.06,16.72,18.74
21105,Yarra Ranges,16.47,20.62,15.98,16.79,16.19,18.46,18.34,21.09,20.95
21201,Cardinia,19.77,18.6,18.87,17.72,16.04,19.85,20.17,19.41,20.77
21202,Casey - North,16.64,16.19,17.44,14.53,14.07,18.37,15.85,17.87,19.04
21203,Casey - South,19.3,19.11,17.09,16.91,16.38,20.95,19.18,18.65,19.3
21204,Dandenong,15.68,16.38,16.16,15.59,15.78,17.63,15.5,16.63,17.23
21205,Monash,12.54,13.59,12.14,12.01,13.09,13.48,15.77,14.44,14.48
21301,Brimbank,14.51,16.49,16.73,16.16,15.88,17.64,16.86,16.11,16.99
21302,Hobsons Bay,19.82,19.69,18.93,17.94,18.24,19.77,17.7,18.93,19.31
21303,Maribyrnong,17.03,16.38,17,17.86,19.74,20.66,19.79,20.74,22.3
21304,Melton - Bacchus Marsh,16.85,19.19,18.02,17.91,18.75,19.47,17.03,20.97,21.48
21305,Wyndham,19.23,18.37,17.01,18.43,17.85,22.11,17.81,20.77,21.48
21401,Frankston,20.85,17.43,19.01,18.79,18.28,16.59,19.4,18.25,25.74
21402,Mornington Peninsula,19.17,17.9,16.73,17.38,16.86,19.23,19.76,18.95,22.68
21501,Grampians,16.41,16.86,19.94,13.5,14.08,15.28,15.2,16.84,13.44
21502,Mildura,15.85,19.7,19.66,18.59,11.68,17.79,20.34,20.06,21.07
21503,Murray River - Swan Hill,13.58,7.98,14.6,20.29,13.47,13.53,15.45,13.85,13.71
21601,Campaspe,16.77,20.47,12.32,15.5,10.26,18.33,17.73,15.07,21.03
21602,Moira,20.71,15.25,12.14,16.57,20.81,18.59,16.46,19.64,19.79
21603,Shepparton,16.27,16.38,17.8,13.76,14.45,15.46,15.22,15.49,13.88
21701,Glenelg - Southern Grampians,17.02,13.24,15.98,12.45,10.9,10.43,16.75,14.05,13.43
21702,Warrnambool - Otway Ranges,16.34,15.73,17.94,14.43,14.33,18.09,16.76,18.86,15.67
30101,Capalaba,22.07,22.34,24.87,18.78,18.43,20.49,20.29,20.74,25.03
30102,Cleveland - Stradbroke,19.24,20.53,24.12,23.72,20.15,24.76,21.84,21.66,25.28
30103,Wynnum - Manly,23.78,22.96,21.09,20.65,21.77,26.04,21.45,24.93,23.74
30201,Bald Hills - Everton Park,18.2,20.6,23.47,21.62,20,21.21,20.11,22.28,22.19
30202,Chermside,18.19,23.09,20.66,18.24,20.5,23.56,18.84,20.47,25.95
30203,Nundah,21.71,25.42,21.25,21.71,23.73,20.44,22.49,17.87,24.77
30204,Sandgate,26.22,22.16,26.07,21.81,28.54,25.42,22.12,19.96,25.75
30301,Carindale,20.12,25.04,21.84,20.36,20.96,19.34,19.94,19.21,20.56
30302,Holland Park - Yeronga,23.57,21.51,22.52,21.84,19.12,22.58,19.96,21.1,20.46
30303,Mt Gravatt,20.2,20.38,19.65,17.34,19.51,20.61,18.96,15.82,21.02
30304,Nathan,24.59,20.07,19.39,18.68,20.38,17.57,21.69,18.77,21.96
30305,Rocklea - Acacia Ridge,20.36,17.62,20.35,17.06,16.46,21.38,16.86,20.78,20.2
30306,Sunnybank,17.95,15.19,16.1,15.08,18.92,19.58,15.47,19.47,22.02
30401,Centenary,17.82,21.3,21.63,19.08,19.69,21.81,18.77,19.1,20.13
30402,Kenmore - Brookfield - Moggill,18.11,20.33,19.24,17.24,17.98,17.95,17.71,16.17,18.22
30403,Sherwood - Indooroopilly,19.64,19.12,19.25,17.11,15.49,19.85,18.95,17.57,21.79
30404,The Gap - Enoggera,16.88,21.97,17.45,17.83,16.5,16.67,16.61,20.51,15.43
30501,Brisbane Inner,23.43,22.47,24.25,22.01,23.83,24.44,22.47,23.45,24.31
30502,Brisbane Inner - East,24.54,26.61,22.71,18.24,20.68,23.21,19.04,21.95,22.85
30503,Brisbane Inner - North,23.21,23.46,25.39,20.59,20.84,25.25,21.23,21.07,21.13
30504,Brisbane Inner - West,20.31,21.84,22.67,18.45,21.22,21.26,22.04,17.13,20.56
30601,Cairns - North,28.51,25.49,25,19.31,24.83,28.88,25.63,32.3,23.08
30602,Cairns - South,27.92,31.48,31.47,25.97,26.62,27.69,27.71,30.29,25.06
30603,Innisfail - Cassowary Coast,23.37,27.33,25.31,18.75,18.13,20.35,20.73,24.58,28.07
30604,Port Douglas - Daintree,30.61,32.61,33.33,23.68,23.91,24.24,36.84,28.13,26.23
30605,Tablelands (East) - Kuranda,20.57,16.75,24.48,23.91,18.75,22.01,26.48,27.44,24.22
30701,Darling Downs (West) - Maranoa,19.27,21.03,20,23.94,23.94,22.51,24.75,26.99,30.33
30702,Darling Downs - East,21.95,20.57,21.51,17.12,23.3,21.83,19.15,22.37,24.79
30703,Granite Belt,21.31,22.84,20.79,14.94,20.1,19.34,22.13,23.5,28.51
30801,Central Highlands (Qld),30.25,26.09,30.57,29.06,29.2,35,24.24,31.45,20
30802,Gladstone - Biloela,28.34,29.49,25.65,23.96,25.36,26.73,27.05,24.59,27.45
30803,Rockhampton,28.38,26.84,29.7,27.19,28.59,24.05,26.59,26.25,23.94
30901,Broadbeach - Burleigh,22.49,22.02,22.9,22.22,21.03,20.59,25.24,24.58,24.07
30902,Coolangatta,23.62,28.25,25.19,25.07,25,23.46,24.89,22.71,24.45
30903,Gold Coast - North,20,21.21,19.15,24.56,19.64,25.97,22.62,17.93,20.89
30904,Gold Coast Hinterland,18.6,23.86,14.29,22.89,21.62,19.05,26.04,22.92,23.81
30905,Mudgeeraba - Tallebudgera,23.81,19.46,21.7,17.05,18.18,26.43,16.15,20.11,24.31
30906,Nerang,22.37,24.7,22.45,21.71,22.51,22.66,23.33,23.53,22.15
30907,Ormeau - Oxenford,23.86,18.36,26.28,21.96,25.55,21.62,21.48,19.85,24.41
30908,Robina,19.51,19.79,21.25,20.84,22.48,22.13,21.55,20.5,22.8
30909,Southport,15.88,20.68,21.18,15.23,18.98,21.75,19.55,19.65,22.19
30910,Surfers Paradise,21.97,21.31,23.79,22.89,20.96,20.99,18.33,23.65,21.62
31001,Forest Lake - Oxley,23.26,25.11,23.03,19.69,19.34,22.4,26.12,22.72,21.31
31002,Ipswich Hinterland,18.75,22.67,22.77,24.88,20.93,26.92,23.19,25.54,26.22
31003,Ipswich Inner,26.09,22.22,27.72,25.28,23.63,25.23,22.18,23.76,27.77
31004,Springfield - Redbank,23.78,26.36,26.41,21.7,24.61,26.49,26.17,25.33,25.66
31101,Beaudesert,19.23,23.44,33.33,25.71,24.07,21.5,30.91,26.02,30.77
31102,Beenleigh,23.48,22.01,20.21,25.98,21.18,23.27,26.49,24.58,24.53
31103,Browns Plains,23.57,22.81,21.95,21.09,21.32,21.33,23.2,26.69,21.26
31104,Jimboomba,23.33,17.31,19.05,20,12.5,21.84,26.97,27.87,24.79
31105,Loganlea - Carbrook,20.05,21.97,25.45,23.53,21.06,23.22,22.29,24.09,26.63
31106,Springwood - Kingston,26.12,21.63,23.16,21.57,22.01,22.7,19.35,22.05,22.74
31201,Bowen Basin - North,33,20.72,35.45,30.77,25.66,24.41,26.61,26.12,30.08
31202,Mackay,27.02,25.71,25.69,25,24.83,22.09,24.97,24.37,22.77
31203,Whitsunday,30.67,23.53,28.13,24.39,22.54,35.56,29.63,32.95,21.69
31301,Bribie - Beachmere,28.57,34.02,25.93,11.96,24.18,25.78,25.19,30.43,33.72
31302,Caboolture,25.15,30.25,25.34,26.7,24.74,22.09,23.66,25,27.85
31303,Caboolture Hinterland,23.26,24.39,18.6,18.18,12.2,36.84,24.14,40,24.49
31304,Narangba - Burpengary,27.55,20.77,27.04,30.07,19.3,21.89,26.03,25.88,26.41
31305,Redcliffe,23.38,27.97,26.92,23.48,24.43,21.76,25.87,28.79,27.33
31401,Hills District,22.03,21.49,21.67,19.56,18.16,22.07,20.51,20.41,22.25
31402,North Lakes,22.67,26.92,25.41,22.76,21.53,22.57,26.47,24.1,26.7
31403,Strathpine,24.21,23.22,29.83,27.76,19.33,20.59,21.21,19.79,24.87
31501,Far North,37.29,40.28,46.43,41.54,39.71,31.82,61.11,38.96,27.27
31502,Outback - North,30.25,28.85,24.27,29.41,26.79,29.03,33.61,25.2,28.4
31503,Outback - South,27.62,24.75,15.53,24.18,15.6,28.92,33.71,27.17,23.15
31601,Buderim,29.18,31.09,28.66,23.74,25.26,25.55,24.73,26.19,27.53
31602,Caloundra,26.16,29.52,26,23.32,25.52,27.1,24.47,30.26,26.39
31603,Maroochy,27.52,29.06,31.56,23.89,23.26,24.44,25.99,25.53,28.57
31604,Nambour - Pomona,26.45,23.15,20.22,25.29,22.81,25.83,24.38,25.82,27.35
31605,Noosa,24.87,32.98,27.66,25,24.16,22.29,36.03,24.18,25.82
31606,Sunshine Coast Hinterland,29.57,29.73,30,24.04,22.29,22.99,25.14,26.7,23.26
31701,Toowoomba,20.16,23.42,25.35,19.67,21.18,23.64,24.31,23.72,26.93
31801,Charters Towers - Ayr - Ingham,18.23,16.09,14.92,14.69,16.92,23,21.98,22.46,19.8
31802,Townsville,27.37,28.05,26.33,26.36,23.27,24.12,23.47,26.57,25.36
31901,Bundaberg,25.32,28.82,27.72,25.6,30.92,25.25,28.57,31.41,26.59
31902,Burnett,24.37,22.47,24.19,24.85,22.6,23.47,19.57,23.75,23.48
31903,Gympie - Cooloola,26.46,23.25,24.2,16.67,23.64,24.88,24.89,19.31,25.87
31904,Hervey Bay,25.75,23.92,24.42,26.86,23.99,23.43,20.5,23.63,25.37
31905,Maryborough,27.27,27.84,22.75,21.38,25.13,24.24,23.3,27.83,28.75
40101,Adelaide City,19.19,20.51,20.15,19.93,18.43,20.96,23.11,22.41,21.43
40102,Adelaide Hills,20.29,19.64,21.22,22.73,20.05,19.62,19.44,23.05,22.04
40103,Burnside,17.37,15.19,16.71,15.24,18.77,18.69,17.61,18.18,18.73
40104,Campbelltown (SA),19.58,17.17,15.36,18.1,16.48,18.22,20.52,19.78,16.39
40105,Norwood - Payneham - St Peters,20,17.34,19.86,16.96,16.32,15.45,17.34,20.59,17.25
40106,Prospect - Walkerville,18.62,20.7,18.59,16.31,18.94,18.88,20.59,21.66,16.77
40107,Unley,19.08,19.27,19.77,20.89,18.26,20.57,21.54,20.71,19.71
40201,Gawler - Two Wells,17.95,18.02,22.93,20.66,17.8,19.11,22,19.08,25.47
40202,Playford,23.42,24.37,23.15,23.72,20.47,20.72,16.88,24.85,25.4
40203,Port Adelaide - East,21.05,18.64,19.01,19.17,17.24,21.38,20.24,22.69,23.28
40204,Salisbury,20.76,18.98,18.73,19.29,18.1,20.65,20.56,20.68,22.02
40205,Tea Tree Gully,21.07,18.29,19.69,18.23,17.54,18.93,20.79,18.61,20.78
40301,Holdfast Bay,22.6,16.38,19,22.17,20.08,21.66,19.75,19.54,21.33
40302,Marion,19.94,20.74,21.07,20.5,18,21.23,20.19,22.97,21.21
40303,Mitcham,17.62,18.98,22.59,16.48,17.51,18.1,20.75,20.34,22.08
40304,Onkaparinga,22.14,20.16,20.4,17.87,21.61,22.59,22.65,21.6,22.89
40401,Charles Sturt,20.49,17.35,20.68,20.71,17.48,19.44,18.41,20.12,21.33
40402,Port Adelaide - West,22.99,22.86,22.7,21.55,17.76,16.95,16.97,21.39,23.05
40403,West Torrens,18.95,18.88,18.03,18.78,17.88,19,22.99,20.99,20.84
40501,Barossa,19.75,18.34,24.69,17.47,19.23,18.97,18.78,17.54,21.67
40502,Lower North,16.67,19.75,16.3,16.46,12.5,16.38,18.52,15.65,24.79
40503,Mid North,15.66,17.33,20.19,13.64,17.2,14.06,20.16,20.19,24.09
40504,Yorke Peninsula,25.64,24.39,7.69,18.18,23.73,17.57,19.05,27.66,18.58
40601,Eyre Peninsula and South West,22.69,18.44,21.57,12.31,21,25.52,18.67,22.26,25.34
40602,Outback - North and East,26.47,25.32,23.44,22.67,19.74,17.65,25.68,15.56,29.76
40701,Fleurieu - Kangaroo Island,23.78,20.23,22.7,14.65,21.58,17.89,25.11,15.77,24.12
40702,Limestone Coast,14.52,13.16,18.68,14.73,15.27,11.59,16.67,17.45,19.79
40703,Murray and Mallee,15.45,18.34,19.75,13.2,19.92,17.53,23.92,22.13,20
50101,Augusta - Margaret River - Busselton,27,24.03,24.19,19.92,14.81,22.41,22.56,17.96,26.95
50102,Bunbury,21.21,21.99,21.99,21.94,18.17,20.13,23.09,22.52,23.66
50103,Manjimup,26.17,18.58,20,13.98,18.07,19.01,21.85,20.39,22.32
50201,Mandurah,20.93,21.62,24.29,24.51,27.1,23.64,22.38,24.09,24.33
50301,Cottesloe - Claremont,17.48,17.3,17.09,17.22,19.11,18.32,18.33,16.73,18.36
50302,Perth City,20.13,18.9,20.62,18.93,19.94,19.93,20.46,19.8,22.24
50401,Bayswater - Bassendean,19.56,18.96,21.43,17.96,18.91,18.9,20.37,18.48,22.51
50402,Mundaring,17.97,22.34,18.13,22.32,20.62,18.88,24.31,15.52,25.18
50403,Swan,20.24,16.78,20.46,19.97,18.47,20.37,16.9,20.31,22.79
50501,Joondalup,18.3,18.18,19.33,18.29,17.64,17.23,17.34,19,20.31
50502,Stirling,18.39,17.92,20.75,17.24,16.73,18.26,18.55,18,20.99
50503,Wanneroo,18.6,18.87,21.48,17.02,18.46,21.04,19.31,21.39,22.92
50601,Armadale,21.32,17.04,24.53,18.99,23.43,25.56,21.39,23.16,22.89
50602,Belmont - Victoria Park,21.57,20.31,25.42,21.75,21.98,20.76,18.12,22.86,22.22
50603,Canning,17.44,17.74,18.01,16.15,18.07,17.54,15.59,19.87,16.42
50604,Gosnells,22.08,20.71,20.92,21.74,20.49,23.36,21.31,21.87,22.92
50605,Kalamunda,19,23.26,22.64,19.65,22.05,17.41,20.49,24.14,24.63
50606,Serpentine - Jarrahdale,28.57,18.46,18.99,25.33,18.56,27.27,21.67,25.95,21.99
50607,South Perth,18.72,18.62,19.14,19.66,17.12,19.76,15.35,18.07,18.96
50701,Cockburn,21.32,20.92,16.53,19.84,18.75,21.33,18.21,20.11,24.1
50702,Fremantle,23.99,23.72,25.08,24.71,26.95,24.52,22.64,24.78,24.41
50703,Kwinana,20.21,31.25,27.12,25.49,21.28,24.82,31.25,26.92,28.28
50704,Melville,16.85,16.86,19.12,15.17,19.09,17.86,17.1,18.78,17.41
50705,Rockingham,23.39,23.57,26.05,24.95,23.75,24.54,24.54,22.85,28.5
50801,Esperance,27.63,12.82,23.08,13.24,26.32,23.19,11.27,20.22,10.99
50802,Gascoyne,17.65,38.46,33.33,22.22,16.67,23.53,33.33,20,21.43
50803,Goldfields,26.52,26.19,28.04,28.57,22.5,20.9,20.31,33.54,20
50804,Kimberley,15.79,38.75,27.45,39.74,20.59,36.08,30.59,42.42,24.3
50805,Mid West,15.77,19.8,18.03,18.93,21.4,24.89,22.73,20.55,25
50806,Pilbara,22.79,27.93,33.66,30.17,26.39,27.12,31.16,31.9,33.77
50901,Albany,14.02,20.48,23.95,18.83,17.88,21.39,18.65,25.54,22.08
50902,Wheat Belt - North,20.79,19.89,17.03,16.76,22.49,23.04,18.65,19.83,24.58
50903,Wheat Belt - South,17.53,18.18,23.08,17.65,18.46,13.58,22.86,21.78,22.83
60101,Brighton,20,32.79,25.93,23.61,24.68,30.56,18.29,19.33,30.19
60102,Hobart - North East,18.83,21.32,23.92,14.4,18.97,21.98,17.12,20.34,28.94
60103,Hobart - North West,18.27,23.36,21.43,24.91,18.3,21.86,22.67,21.48,34.18
60104,Hobart - South and West,13.59,16.23,20.69,17.34,17.8,18.47,18.75,20.46,31.96
60105,Hobart Inner,16.6,19.44,20.43,20.83,18.99,19.87,18.29,20.16,31.34
60106,Sorell - Dodges Ferry,9.2,16.88,29.51,21.79,20.25,25,23.86,23.93,32.85
60201,Launceston,18.13,22.28,19.74,20.05,17.1,20.09,21.03,24.04,26.33
60202,Meander Valley - West Tamar,15.6,18.69,20.34,17.2,15.84,18.7,16.26,20.86,30.64
60203,North East,22.04,20.9,19.6,19.1,16.86,17,21.13,15.25,28.67
60301,Central Highlands (Tas.),10,15.38,18.18,0,0,33.33,0,33.33,17.65
60302,Huon - Bruny Island,22.45,20,23.29,22.78,22.67,25,19.54,20.91,26.92
60303,South East Coast,10.53,31.58,23.53,28.57,28.57,21.43,18.75,20,34.48
60401,Burnie - Ulverstone,17.91,20.63,19.28,20.64,20.42,19.58,22.19,20.59,30.42
60402,Devonport,20,17.82,19.08,20.35,14.8,22.33,27.88,21.62,29.49
60403,West Coast,23.81,16,26.47,24.39,21.21,23.68,21.57,24.53,32.26
70101,Darwin City,25.45,30.9,27.91,23.29,25.12,31.07,33.17,29.75,30.74
70102,Darwin Suburbs,30.58,29.28,23.44,26.78,28.3,27.49,27.22,23.23,29.65
70103,Litchfield,24.68,33.33,20,30.3,24.32,26.76,33.7,24.72,20.72
70104,Palmerston,31.66,30.26,31.49,29.27,29.48,33.51,29.26,31.43,30.51
70201,Alice Springs,36.24,33.7,32.93,35.57,29.94,25.97,30.99,27.03,26
70202,Barkly,44.44,28.57,17.65,23.81,36.84,26.67,58.33,50,36.36
70203,Daly - Tiwi - West Arnhem,29.41,37.93,35.48,32.5,41.07,32.73,36.17,27.27,25
70204,East Arnhem,35.48,36.36,20.59,16.67,26.67,27.03,31.43,26.67,41.94
70205,Katherine,45.28,42.22,22.92,37.78,26.42,35.09,34.94,26.32,21.18
80101,Belconnen,14.91,21.45,17.12,17.17,16.41,19.17,16.08,17.34,21.1
80103,Fyshwick - Pialligo - Hume,14.29,-,40,0,-,-,-,14.29,-
80104,Gungahlin,16.97,16.37,18.43,15.29,15.23,19.62,16.27,20.63,20.94
80105,North Canberra,18.33,15.65,20.5,15.98,15.53,17.57,18.6,18.53,21.45
80106,South Canberra,17.18,15.75,14.68,15.76,15.76,19.75,21.17,15.7,16.12
80107,Tuggeranong,16.92,17.2,17.56,19.05,16.17,15.53,17.74,20.95,17.78
80108,Weston Creek,16.14,22.07,15.56,15.24,16.94,20.38,16.54,17.3,21.57
80109,Woden,15.96,18.78,19.59,11.02,16.51,14.57,18.76,18.64,17.49
90101,Christmas Island,-,-,14.29,-,28.57,-,25,16.67,20
90102,Cocos (Keeling) Islands,-,-,-,-,-,-,-,-,-
